txn_id,hour,amount,merchant,merchant_risk,country,is_foreign,account_number,is_suspicious
T00000,0,77.61,Shell,0.15,US,0,4097884647007284,0
T00001,1,1300.32,Netflix,0.1,NG,1,4677812434302673,1
T00002,22,35.7,Amazon,0.1,US,0,4978744918857099,0
T00003,22,19.12,Amazon,0.1,US,0,4378974013512174,0
T00004,12,175.53,Walmart,0.1,US,0,4517267520467920,0
T00005,12,1672.56,WireTransferCo,0.8,US,0,4696392992328110,1
T00006,22,159.99,SteamGames,0.3,US,0,4262099757832742,0
T00007,8,117.37,Walmart,0.1,NG,1,4416784324997865,0
T00008,21,64.99,SteamGames,0.3,US,0,4601386350788097,0
T00009,5,220.15,UnknownIntl,0.95,US,0,4720579227709346,0
T00010,21,3410.14,UnknownIntl,0.95,US,0,4355171483220814,1
T00011,2,171.64,CryptoX,0.9,UK,1,4808299429208302,1
T00012,20,44.71,SteamGames,0.3,US,0,4277674530361373,0
T00013,23,80.6,UnknownIntl,0.95,UK,1,4407572636966039,1
T00014,16,20.66,Uber,0.2,US,0,4891799106524289,0
T00015,19,1919.77,Shell,0.15,NG,1,4526979585658777,1
T00016,17,85.85,WireTransferCo,0.8,UK,1,4845415078880052,1
T00017,3,73.0,Apple,0.1,IN,1,4986123297556082,1
T00018,16,85.36,UnknownIntl,0.95,UK,1,4719393457153143,1
T00019,4,8.77,WireTransferCo,0.8,US,0,4597128970019781,0
T00020,15,217.01,Amazon,0.1,IN,1,4269596417933055,0
T00021,18,96.85,Amazon,0.1,US,0,4918760016436961,0
T00022,4,1.92,Walmart,0.1,US,0,4476413262675238,0
T00023,22,42.61,Uber,0.2,US,0,4420432844843150,0
T00024,3,2519.01,GiftCardHub,0.85,RU,1,4247942399394546,1
T00025,22,101.82,Amazon,0.1,US,0,4035368649464614,0
T00026,16,86.72,SteamGames,0.3,US,0,4993477198208118,0
T00027,7,168.97,Netflix,0.1,RU,1,4106198179165279,0
T00028,11,20.3,Walmart,0.1,NG,1,4727537327161424,0
T00029,12,111.09,Walmart,0.1,US,0,4279959322562087,0
T00030,17,20.43,Uber,0.2,US,0,4084876814131836,0
T00031,1,99.93,GiftCardHub,0.85,US,0,4955547560553264,1
T00032,13,38.56,Uber,0.2,US,0,4002428284199395,0
T00033,14,83.75,CryptoX,0.9,UK,1,4625741444833678,1
T00034,4,3170.58,Shell,0.15,RU,1,4842144564308555,1
T00035,1,119.08,SteamGames,0.3,US,0,4597996253993418,0
T00036,16,113.7,Starbucks,0.1,US,0,4454610413572758,0
T00037,18,98.56,Walmart,0.1,US,0,4740136334807779,0
T00038,8,106.99,Netflix,0.1,IN,1,4726771480912892,0
T00039,10,171.32,Apple,0.1,RU,1,4515980231081843,0
T00040,2,10.74,Netflix,0.1,US,0,4989968782347939,0
T00041,9,63.31,Uber,0.2,IN,1,4340606813155651,0
T00042,21,100.71,Netflix,0.1,US,0,4297762069473039,0
T00043,23,33.82,Walmart,0.1,US,0,4237149216972971,0
T00044,6,35.04,UnknownIntl,0.95,IN,1,4952631941733496,1
T00045,20,28.53,Amazon,0.1,US,0,4375547660623566,0
T00046,5,75.81,Starbucks,0.1,UK,1,4778019938714288,0
T00047,11,4.11,Starbucks,0.1,US,0,4047094863774978,0
T00048,1,113.17,Apple,0.1,IN,1,4984839798302428,0
T00049,7,55.56,CryptoX,0.9,US,0,4199345799347290,0
T00050,5,75.45,CryptoX,0.9,US,0,4827600959392967,0
T00051,5,26.28,Uber,0.2,UK,1,4043601958949520,0
T00052,6,107.07,GiftCardHub,0.85,US,0,4250990276358842,0
T00053,12,19.11,Amazon,0.1,US,0,4870688512936784,0
T00054,20,10.36,Apple,0.1,IN,1,4129862749705264,0
T00055,18,74.65,Apple,0.1,US,0,4671677516104956,0
T00056,23,94.58,CryptoX,0.9,IN,1,4649183875166505,1
T00057,1,17.42,Uber,0.2,UK,1,4773332649114988,0
T00058,11,52.9,UnknownIntl,0.95,US,0,4954782669062886,0
T00059,16,141.22,Walmart,0.1,UK,1,4784988606019126,0
T00060,6,45.05,Apple,0.1,US,0,4640755929604783,0
T00061,17,148.29,Apple,0.1,NG,1,4484009357248577,0
T00062,14,4.08,Netflix,0.1,IN,1,4896247833005255,0
T00063,21,2416.28,UnknownIntl,0.95,US,0,4697226234456439,1
T00064,7,60.04,SteamGames,0.3,US,0,4688231895173379,0
T00065,13,42.14,Walmart,0.1,RU,1,4784027890320513,0
T00066,12,3211.69,CryptoX,0.9,RU,1,4996946821103405,1
T00067,7,167.6,Walmart,0.1,NG,1,4523034751983891,0
T00068,3,23.87,Amazon,0.1,US,0,4357245052227621,0
T00069,17,109.15,GiftCardHub,0.85,NG,1,4534439365635632,1
T00070,7,105.88,GiftCardHub,0.85,UK,1,4309169953388441,1
T00071,22,39.15,GiftCardHub,0.85,US,0,4090720619162247,0
T00072,7,54.37,Starbucks,0.1,US,0,4610926159242370,0
T00073,1,103.17,GiftCardHub,0.85,NG,1,4866715401682561,1
T00074,18,75.23,Netflix,0.1,US,0,4940949825127089,0
T00075,15,84.46,CryptoX,0.9,US,0,4437811910945722,0
T00076,23,114.27,SteamGames,0.3,NG,1,4666413112918758,1
T00077,2,137.98,Netflix,0.1,US,0,4204609929993885,0
T00078,12,49.13,Amazon,0.1,UK,1,4846685278032728,0
T00079,2,138.43,CryptoX,0.9,UK,1,4394024388199003,1
T00080,20,94.59,Uber,0.2,US,0,4171569432222349,0
T00081,15,83.77,Uber,0.2,US,0,4523578924369467,0
T00082,11,120.51,UnknownIntl,0.95,UK,1,4184386464889024,1
T00083,18,1743.18,Apple,0.1,US,0,4422560177770658,0
T00084,2,14.65,CryptoX,0.9,US,0,4676005021456820,0
T00085,11,18.17,Walmart,0.1,US,0,4569658988504585,0
T00086,0,145.32,Shell,0.15,IN,1,4517620132882818,0
T00087,13,10.41,UnknownIntl,0.95,US,0,4304086478250137,0
T00088,14,9.38,Netflix,0.1,RU,1,4314044085930532,0
T00089,14,118.29,GiftCardHub,0.85,US,0,4032312483780305,0
T00090,5,24.0,GiftCardHub,0.85,IN,1,4789464794111306,1
T00091,16,84.39,Apple,0.1,US,0,4457597498347573,0
T00092,22,13.58,GiftCardHub,0.85,US,0,4249495913956837,0
T00093,9,94.16,CryptoX,0.9,US,0,4597763040503622,0
T00094,23,26.9,SteamGames,0.3,NG,1,4216830226863903,1
T00095,23,62.6,SteamGames,0.3,US,0,4215655398111994,0
T00096,8,53.85,Uber,0.2,RU,1,4937454353519678,0
T00097,7,82.34,Uber,0.2,UK,1,4601384361702158,0
T00098,1,155.19,Starbucks,0.1,UK,1,4115502368831984,0
T00099,15,67.75,Amazon,0.1,UK,1,4057848766323355,0
T00100,3,2809.64,Apple,0.1,RU,1,4170828259480321,1
T00101,2,25.41,Starbucks,0.1,UK,1,4671181438427691,0
T00102,16,15.87,Netflix,0.1,US,0,4343826858756807,0
T00103,19,169.6,Netflix,0.1,US,0,4233950144544043,0
T00104,8,61.29,Shell,0.15,US,0,4459948059220794,0
T00105,9,1558.7,GiftCardHub,0.85,RU,1,4791490672474930,1
T00106,21,84.89,GiftCardHub,0.85,US,0,4478662069864370,0
T00107,20,126.78,Walmart,0.1,US,0,4080398103714024,0
T00108,9,12.52,Amazon,0.1,US,0,4775381048923907,0
T00109,8,17.09,Apple,0.1,NG,1,4673326663456344,0
T00110,23,3926.7,Amazon,0.1,NG,1,4968858018079287,1
T00111,21,120.93,Netflix,0.1,US,0,4851484838927500,0
T00112,16,2.52,Starbucks,0.1,RU,1,4916759200743492,0
T00113,15,28.8,GiftCardHub,0.85,US,0,4117770881457844,0
T00114,13,62.85,Starbucks,0.1,IN,1,4041315653067184,0
T00115,10,33.59,GiftCardHub,0.85,US,0,4455063693013882,0
T00116,21,2440.08,WireTransferCo,0.8,US,0,4851681804087021,1
T00117,1,31.12,GiftCardHub,0.85,RU,1,4324295490008662,1
T00118,3,163.22,GiftCardHub,0.85,RU,1,4620190317236792,1
T00119,2,95.26,Amazon,0.1,NG,1,4132258995540662,1
T00120,15,125.45,Shell,0.15,US,0,4274416078644555,0
T00121,12,59.53,GiftCardHub,0.85,US,0,4990036116703037,0
T00122,8,96.72,Starbucks,0.1,US,0,4923857202802027,0
T00123,23,36.6,Amazon,0.1,UK,1,4974195175002566,0
T00124,17,26.32,Starbucks,0.1,RU,1,4362293087922130,0
T00125,18,85.3,Uber,0.2,US,0,4049140485099154,0
T00126,22,130.3,SteamGames,0.3,RU,1,4557689271771087,0
T00127,16,49.58,Amazon,0.1,US,0,4984248021515904,0
T00128,16,88.93,GiftCardHub,0.85,US,0,4173795722598067,0
T00129,8,74.37,Walmart,0.1,RU,1,4090429032477170,0
T00130,10,7.67,SteamGames,0.3,NG,1,4077037185389261,0
T00131,7,9.67,Uber,0.2,UK,1,4856099074052492,0
T00132,14,1740.71,Shell,0.15,US,0,4422033616027889,1
T00133,7,123.79,CryptoX,0.9,US,0,4202725860216422,0
T00134,2,34.48,Starbucks,0.1,US,0,4161136792684849,0
T00135,20,42.59,Uber,0.2,RU,1,4523830552194784,0
T00136,2,28.41,Apple,0.1,US,0,4777223399244473,0
T00137,9,99.78,Apple,0.1,RU,1,4120080771024389,0
T00138,18,48.22,Uber,0.2,NG,1,4741100171908987,0
T00139,0,118.93,CryptoX,0.9,UK,1,4838990106031293,1
T00140,7,36.26,GiftCardHub,0.85,UK,1,4850707083294909,1
T00141,20,2741.26,UnknownIntl,0.95,US,0,4347823800817950,1
T00142,18,58.96,GiftCardHub,0.85,US,0,4197750668814624,0
T00143,17,103.91,Uber,0.2,US,0,4935028435737150,0
T00144,15,129.13,Starbucks,0.1,UK,1,4158476026696105,0
T00145,17,69.79,Uber,0.2,NG,1,4297752962542685,0
T00146,14,12.36,WireTransferCo,0.8,US,0,4121987256608131,0
T00147,15,3748.15,Shell,0.15,US,0,4686893755676183,0
T00148,20,138.85,Uber,0.2,US,0,4051054876585264,0
T00149,15,37.58,Amazon,0.1,UK,1,4152744230692738,0
T00150,11,32.61,CryptoX,0.9,RU,1,4818078493792135,1
T00151,20,2219.55,Starbucks,0.1,NG,1,4314962628504119,1
T00152,6,57.93,Amazon,0.1,IN,1,4413582525775340,0
T00153,1,131.25,WireTransferCo,0.8,IN,1,4927957096379365,1
T00154,21,100.21,GiftCardHub,0.85,US,0,4274235094260514,0
T00155,2,163.29,Starbucks,0.1,US,0,4243140617122746,0
T00156,4,99.42,Uber,0.2,IN,1,4282211736326012,0
T00157,21,1.59,Starbucks,0.1,US,0,4889442021000204,0
T00158,0,89.02,Uber,0.2,IN,1,4504712242348392,0
T00159,14,97.5,SteamGames,0.3,US,0,4818801341495438,0
T00160,14,70.62,Shell,0.15,UK,1,4772477468820630,0
T00161,22,68.17,Walmart,0.1,RU,1,4362663090499420,0
T00162,2,138.92,Netflix,0.1,US,0,4597355207240747,0
T00163,16,139.81,Apple,0.1,RU,1,4128817673261280,0
T00164,13,38.77,Shell,0.15,US,0,4821470116596790,0
T00165,13,92.95,Walmart,0.1,IN,1,4171858622063532,0
T00166,2,101.3,Shell,0.15,RU,1,4626417243995922,0
T00167,21,93.75,Amazon,0.1,IN,1,4476186246553855,0
T00168,9,34.9,UnknownIntl,0.95,US,0,4542899571777219,0
T00169,11,47.05,Uber,0.2,US,0,4313638967189356,0
T00170,13,171.51,Netflix,0.1,US,0,4626831762386603,0
T00171,0,54.37,Amazon,0.1,UK,1,4395215760179129,0
T00172,4,24.47,Amazon,0.1,US,0,4103306980041934,0
T00173,12,55.42,UnknownIntl,0.95,US,0,4350870352678053,0
T00174,18,22.33,UnknownIntl,0.95,IN,1,4758817855716355,1
T00175,14,9.3,Walmart,0.1,UK,1,4466327972728519,0
T00176,16,128.03,Apple,0.1,US,0,4593274512602828,0
T00177,1,121.71,Shell,0.15,UK,1,4339367718884087,1
T00178,8,72.56,Uber,0.2,US,0,4428075650273404,0
T00179,16,109.41,WireTransferCo,0.8,US,0,4081150633227055,0
T00180,13,214.31,CryptoX,0.9,US,0,4455342010552922,0
T00181,9,95.89,UnknownIntl,0.95,NG,1,4193511146390012,1
T00182,22,102.57,Netflix,0.1,RU,1,4450866721080528,0
T00183,12,67.55,WireTransferCo,0.8,US,0,4374998841225806,0
T00184,16,30.59,Starbucks,0.1,US,0,4818957282028553,0
T00185,7,25.19,Shell,0.15,US,0,4678240505720474,0
T00186,5,160.45,Starbucks,0.1,US,0,4505421355287886,0
T00187,20,54.58,Shell,0.15,IN,1,4497883212887639,0
T00188,8,2149.18,Shell,0.15,UK,1,4064051008807158,1
T00189,2,49.64,SteamGames,0.3,UK,1,4570906784406892,1
T00190,18,20.17,CryptoX,0.9,RU,1,4643630097242249,1
T00191,10,44.42,Shell,0.15,US,0,4069664187960050,0
T00192,10,105.03,GiftCardHub,0.85,US,0,4492872011264557,0
T00193,11,77.22,GiftCardHub,0.85,US,0,4871970311052392,0
T00194,20,2941.0,SteamGames,0.3,US,0,4958777247833039,1
T00195,10,2884.94,Shell,0.15,US,0,4786419919565747,0
T00196,4,37.01,Shell,0.15,NG,1,4143884897018049,0
T00197,20,0.44,Shell,0.15,US,0,4408245309718967,0
T00198,6,24.26,Apple,0.1,US,0,4086879263947964,0
T00199,16,165.76,Apple,0.1,US,0,4592825246350995,0
T00200,19,119.66,Amazon,0.1,IN,1,4703394400873089,0
T00201,1,122.79,Starbucks,0.1,RU,1,4687467258118570,1
T00202,7,29.54,Apple,0.1,RU,1,4218445623459271,0
T00203,14,69.05,SteamGames,0.3,RU,1,4593867287985717,0
T00204,6,90.37,CryptoX,0.9,US,0,4417951316844750,0
T00205,22,48.93,WireTransferCo,0.8,US,0,4094434670273488,0
T00206,14,108.06,Starbucks,0.1,UK,1,4919523386948506,0
T00207,0,61.01,GiftCardHub,0.85,IN,1,4265460649816241,1
T00208,11,3089.84,CryptoX,0.9,US,0,4891013880452783,1
T00209,1,131.89,Starbucks,0.1,US,0,4935747514385931,0
T00210,14,1272.44,Starbucks,0.1,RU,1,4617896112220921,1
T00211,3,6.47,UnknownIntl,0.95,NG,1,4053760628978693,1
T00212,20,98.06,Uber,0.2,NG,1,4603544252310474,0
T00213,22,16.19,Amazon,0.1,US,0,4397235575859506,0
T00214,5,66.99,Uber,0.2,NG,1,4612580559934695,0
T00215,12,58.2,WireTransferCo,0.8,US,0,4285582568767190,0
T00216,11,93.22,UnknownIntl,0.95,US,0,4655166214839597,0
T00217,4,2437.48,UnknownIntl,0.95,IN,1,4723726958206458,1
T00218,22,42.28,Starbucks,0.1,RU,1,4515301344025470,0
T00219,6,1283.26,Amazon,0.1,UK,1,4355327119350030,1
T00220,17,63.84,Apple,0.1,NG,1,4879149148609619,0
T00221,8,82.73,Amazon,0.1,IN,1,4450386975875936,0
T00222,12,59.52,UnknownIntl,0.95,RU,1,4584655847506263,1
T00223,23,112.7,Apple,0.1,US,0,4925874668880091,0
T00224,10,122.75,Starbucks,0.1,UK,1,4479763814203813,0
T00225,11,112.14,Starbucks,0.1,RU,1,4396949087786860,0
T00226,8,2861.15,Netflix,0.1,NG,1,4409050134963396,1
T00227,0,1.64,WireTransferCo,0.8,US,0,4142120617285079,0
T00228,20,40.65,Walmart,0.1,US,0,4506568539308745,0
T00229,14,123.89,SteamGames,0.3,IN,1,4413148063117017,0
T00230,20,1203.82,CryptoX,0.9,IN,1,4435709476009024,1
T00231,8,230.07,WireTransferCo,0.8,US,0,4321532469705651,0
T00232,6,164.28,UnknownIntl,0.95,RU,1,4912556373406767,1
T00233,21,161.81,Shell,0.15,IN,1,4326918059310601,0
T00234,22,56.59,Apple,0.1,US,0,4136641052665354,0
T00235,7,10.14,Uber,0.2,US,0,4644329078282587,0
T00236,17,2058.99,SteamGames,0.3,RU,1,4809376781235665,1
T00237,13,170.71,GiftCardHub,0.85,NG,1,4356941728440522,1
T00238,14,9.24,Shell,0.15,US,0,4720345692780774,0
T00239,4,95.43,Netflix,0.1,US,0,4936062590355800,0
T00240,9,107.06,Walmart,0.1,US,0,4584226967590532,0
T00241,8,125.53,Apple,0.1,US,0,4140927645674565,0
T00242,19,10.66,Shell,0.15,UK,1,4192754499536517,0
T00243,18,3588.43,Shell,0.15,IN,1,4051183474115940,1
T00244,20,99.06,Shell,0.15,UK,1,4706126506446001,0
T00245,20,155.82,WireTransferCo,0.8,UK,1,4908994629602032,1
T00246,9,7.78,Shell,0.15,NG,1,4229709730655864,0
T00247,10,106.37,SteamGames,0.3,US,0,4969150728968562,0
T00248,4,84.83,SteamGames,0.3,NG,1,4279131855567213,1
T00249,1,7.98,Starbucks,0.1,US,0,4470778303307847,0
T00250,10,167.7,Uber,0.2,US,0,4579532804839914,0
T00251,9,41.23,GiftCardHub,0.85,RU,1,4569080560715035,1
T00252,6,63.59,GiftCardHub,0.85,US,0,4736633460948636,0
T00253,9,70.52,Shell,0.15,RU,1,4150798152583245,0
T00254,12,39.59,Apple,0.1,IN,1,4324938126853269,0
T00255,16,125.3,Walmart,0.1,NG,1,4766061633651359,0
T00256,4,139.31,Netflix,0.1,US,0,4411637993369342,0
T00257,19,70.64,Starbucks,0.1,US,0,4043813155962932,0
T00258,15,46.18,Starbucks,0.1,IN,1,4690256784273010,0
T00259,12,75.87,SteamGames,0.3,US,0,4668474290118436,0
T00260,22,1676.49,SteamGames,0.3,RU,1,4657191914856982,1
T00261,19,53.77,Apple,0.1,US,0,4651305059257839,0
T00262,23,145.12,Netflix,0.1,US,0,4947069385479751,0
T00263,21,101.77,CryptoX,0.9,US,0,4123732426577573,0
T00264,14,66.6,Uber,0.2,US,0,4688465111192999,0
T00265,22,111.67,GiftCardHub,0.85,US,0,4538600333095448,0
T00266,10,144.12,WireTransferCo,0.8,NG,1,4869184024459538,1
T00267,19,62.1,UnknownIntl,0.95,UK,1,4628350618760844,1
T00268,9,92.43,Apple,0.1,US,0,4392716690417057,0
T00269,9,12.91,WireTransferCo,0.8,UK,1,4444206907378969,1
T00270,9,3958.43,SteamGames,0.3,US,0,4539395267597154,0
T00271,17,119.08,Uber,0.2,US,0,4154555564751899,0
T00272,7,203.67,Walmart,0.1,US,0,4465334367064777,0
T00273,3,120.84,SteamGames,0.3,RU,1,4458136249881488,0
T00274,15,21.05,Shell,0.15,RU,1,4100724579707215,0
T00275,17,1.72,Shell,0.15,US,0,4197108596835359,0
T00276,1,140.34,CryptoX,0.9,US,0,4325914685665284,0
T00277,9,78.93,Amazon,0.1,US,0,4377226904566984,0
T00278,20,12.55,Apple,0.1,RU,1,4307186661078430,0
T00279,10,61.18,Uber,0.2,US,0,4809069864295520,0
T00280,23,53.89,Starbucks,0.1,US,0,4963935019172755,0
T00281,13,122.84,Shell,0.15,NG,1,4107394236701205,0
T00282,15,59.79,Starbucks,0.1,US,0,4300607998407209,0
T00283,18,120.55,SteamGames,0.3,UK,1,4404820655065872,0
T00284,1,46.84,UnknownIntl,0.95,US,0,4792137516381205,0
T00285,20,21.61,Apple,0.1,US,0,4248655476430824,0
T00286,15,136.91,Uber,0.2,US,0,4852699059335256,0
T00287,7,161.72,WireTransferCo,0.8,US,0,4092177674870834,0
T00288,16,73.07,WireTransferCo,0.8,RU,1,4227609667934623,1
T00289,5,56.82,Netflix,0.1,US,0,4765943491979243,0
T00290,2,1094.25,Uber,0.2,RU,1,4514306938061774,1
T00291,17,41.33,Netflix,0.1,US,0,4024510189855295,0
T00292,0,1783.77,CryptoX,0.9,UK,1,4609292924391891,1
T00293,15,1932.21,Amazon,0.1,US,0,4722292234340468,0
T00294,11,138.85,UnknownIntl,0.95,NG,1,4090354840391255,1
T00295,20,77.36,Shell,0.15,US,0,4604903163245784,0
T00296,23,192.85,CryptoX,0.9,US,0,4612993705872107,0
T00297,7,64.82,CryptoX,0.9,NG,1,4212211223034645,1
T00298,1,102.84,UnknownIntl,0.95,US,0,4075759813247978,1
T00299,14,21.77,Walmart,0.1,US,0,4275543835938088,0
T00300,12,10.68,UnknownIntl,0.95,US,0,4567335716908247,0
T00301,23,107.97,Apple,0.1,US,0,4757206052311136,0
T00302,9,204.63,SteamGames,0.3,US,0,4068630464199894,0
T00303,20,42.67,WireTransferCo,0.8,US,0,4755865467509897,0
T00304,22,50.5,CryptoX,0.9,IN,1,4271306527901578,1
T00305,22,97.12,Uber,0.2,UK,1,4633190096073021,0
T00306,17,21.55,CryptoX,0.9,NG,1,4953785319242403,1
T00307,17,68.85,SteamGames,0.3,US,0,4424653159523842,0
T00308,2,118.5,Shell,0.15,US,0,4235190173144104,0
T00309,0,174.04,SteamGames,0.3,UK,1,4539219203969476,0
T00310,12,145.48,Uber,0.2,US,0,4730395840433014,0
T00311,8,41.34,SteamGames,0.3,UK,1,4111022611106554,0
T00312,10,129.58,UnknownIntl,0.95,RU,1,4834573225519945,1
T00313,8,50.4,Starbucks,0.1,US,0,4470151687484365,0
T00314,6,51.79,Apple,0.1,US,0,4380064597416852,0
T00315,23,131.42,Apple,0.1,RU,1,4396514795160562,1
T00316,23,43.36,Starbucks,0.1,US,0,4066129427790391,0
T00317,2,68.97,WireTransferCo,0.8,US,0,4154800982493550,0
T00318,2,77.84,Shell,0.15,US,0,4718018106258212,0
T00319,21,72.16,Shell,0.15,RU,1,4463124397851431,0
T00320,16,67.08,Amazon,0.1,US,0,4758893653714024,0
T00321,3,6.8,CryptoX,0.9,US,0,4592738213557512,1
T00322,8,86.78,Apple,0.1,IN,1,4254295123301442,0
T00323,20,56.62,Apple,0.1,US,0,4105269784508884,0
T00324,12,1160.56,CryptoX,0.9,NG,1,4951758309734436,1
T00325,18,73.37,CryptoX,0.9,IN,1,4594654950132065,1
T00326,6,154.96,Amazon,0.1,US,0,4083708586865580,0
T00327,17,26.45,Shell,0.15,UK,1,4957498228187587,0
T00328,6,5.61,SteamGames,0.3,US,0,4336953399717100,0
T00329,18,27.88,Starbucks,0.1,US,0,4608622191228536,0
T00330,23,194.31,SteamGames,0.3,NG,1,4109981458173103,0
T00331,2,218.09,CryptoX,0.9,US,0,4367467839336937,0
T00332,14,23.83,Amazon,0.1,UK,1,4659636881488766,0
T00333,2,83.32,Shell,0.15,NG,1,4092363587409285,1
T00334,12,59.72,Apple,0.1,US,0,4103041018031068,0
T00335,14,2.6,Amazon,0.1,UK,1,4098286600714921,0
T00336,14,12.64,Starbucks,0.1,NG,1,4104782402509164,0
T00337,12,2003.13,Netflix,0.1,IN,1,4095364505378943,1
T00338,18,10.44,UnknownIntl,0.95,US,0,4555207280185025,0
T00339,5,67.94,Starbucks,0.1,US,0,4881204814845266,0
T00340,8,170.03,Walmart,0.1,IN,1,4120441439415199,0
T00341,0,47.09,Starbucks,0.1,UK,1,4970751961724000,0
T00342,10,21.3,SteamGames,0.3,RU,1,4361036241261479,0
T00343,15,127.19,Netflix,0.1,US,0,4359321124626511,0
T00344,18,90.63,Apple,0.1,RU,1,4128227816351896,0
T00345,18,27.79,Netflix,0.1,US,0,4619359055813489,0
T00346,22,106.9,Amazon,0.1,RU,1,4895830739951905,0
T00347,4,183.83,CryptoX,0.9,RU,1,4173549572465394,1
T00348,12,244.06,UnknownIntl,0.95,NG,1,4979123352556148,1
T00349,17,4051.75,UnknownIntl,0.95,NG,1,4604502955831748,1
T00350,3,90.44,Netflix,0.1,US,0,4634126341703456,0
T00351,10,7.22,Shell,0.15,NG,1,4111020654936660,0
T00352,16,78.48,Apple,0.1,US,0,4440377488592080,0
T00353,11,3.34,GiftCardHub,0.85,US,0,4468345977664051,0
T00354,23,112.65,Walmart,0.1,US,0,4392149768145360,0
T00355,14,120.32,GiftCardHub,0.85,US,0,4338065754314364,0
T00356,0,130.6,Amazon,0.1,US,0,4833717507516088,0
T00357,17,9.6,Uber,0.2,US,0,4520227735326317,0
T00358,20,114.36,Uber,0.2,NG,1,4994278976658614,0
T00359,18,158.65,Uber,0.2,RU,1,4231692933324972,0
T00360,18,177.63,Apple,0.1,US,0,4128301228230214,0
T00361,16,152.59,Apple,0.1,RU,1,4688270178376918,0
T00362,11,40.31,CryptoX,0.9,US,0,4334894923579312,0
T00363,21,133.22,Netflix,0.1,US,0,4131672123990613,0
T00364,22,117.54,Starbucks,0.1,IN,1,4209140954449163,0
T00365,17,126.17,GiftCardHub,0.85,US,0,4354185281646912,0
T00366,11,145.94,GiftCardHub,0.85,US,0,4569072693794771,0
T00367,13,59.41,Shell,0.15,RU,1,4499735937099311,0
T00368,2,18.06,GiftCardHub,0.85,US,0,4189383527779362,1
T00369,17,37.27,GiftCardHub,0.85,RU,1,4872699850415625,1
T00370,17,87.71,WireTransferCo,0.8,IN,1,4478682651160891,1
T00371,9,64.3,Walmart,0.1,US,0,4392462355389386,0
T00372,3,87.08,Walmart,0.1,RU,1,4687094740809898,0
T00373,5,36.45,Shell,0.15,NG,1,4232996879957580,0
T00374,17,65.51,Amazon,0.1,IN,1,4644843337530948,0
T00375,4,153.22,Apple,0.1,US,0,4066752032828730,0
T00376,22,110.31,Apple,0.1,US,0,4949762273570507,0
T00377,15,46.09,Shell,0.15,NG,1,4466376015238997,0
T00378,2,2307.17,CryptoX,0.9,RU,1,4782166279179387,1
T00379,15,11.99,SteamGames,0.3,RU,1,4953825367014122,0
T00380,23,163.87,UnknownIntl,0.95,US,0,4245252930712855,0
T00381,15,65.17,CryptoX,0.9,US,0,4616217588473654,0
T00382,18,143.44,Netflix,0.1,US,0,4112107433683570,0
T00383,0,4.58,Shell,0.15,RU,1,4481663222125034,0
T00384,20,40.87,Uber,0.2,US,0,4281914611433037,0
T00385,21,195.79,Walmart,0.1,IN,1,4704367748883472,0
T00386,13,2196.46,Apple,0.1,US,0,4584842373211377,1
T00387,0,1704.95,Shell,0.15,RU,1,4475486639571680,1
T00388,15,133.23,UnknownIntl,0.95,US,0,4413838624673131,0
T00389,12,105.39,Apple,0.1,US,0,4722349646536448,0
T00390,2,72.32,Shell,0.15,US,0,4239881321270844,0
T00391,13,78.51,Shell,0.15,US,0,4097599769893113,0
T00392,3,30.04,Walmart,0.1,US,0,4278980201277763,0
T00393,7,48.48,Apple,0.1,US,0,4320793716930734,0
T00394,21,108.92,UnknownIntl,0.95,US,0,4332749978848111,0
T00395,7,51.38,Shell,0.15,US,0,4718417030325294,0
T00396,16,87.16,Netflix,0.1,US,0,4969191096571089,0
T00397,11,73.98,Netflix,0.1,NG,1,4867360001231131,0
T00398,18,834.28,Walmart,0.1,US,0,4322558514772864,0
T00399,13,99.26,Shell,0.15,NG,1,4605347880128478,0
T00400,8,101.06,Netflix,0.1,US,0,4603920313797553,0
T00401,18,92.21,SteamGames,0.3,NG,1,4724130116250194,0
T00402,22,57.28,Walmart,0.1,UK,1,4489187861358476,0
T00403,19,136.88,Walmart,0.1,RU,1,4740902223978554,0
T00404,3,2349.94,UnknownIntl,0.95,US,0,4588850095303382,1
T00405,5,82.59,WireTransferCo,0.8,UK,1,4302601377354782,1
T00406,0,47.65,UnknownIntl,0.95,US,0,4086773919514086,0
T00407,16,134.7,GiftCardHub,0.85,RU,1,4187890074088203,1
T00408,8,98.58,SteamGames,0.3,US,0,4572887394402658,0
T00409,0,45.83,Amazon,0.1,US,0,4201490445365994,0
T00410,7,52.86,Amazon,0.1,NG,1,4643489514678306,0
T00411,16,136.03,SteamGames,0.3,US,0,4905603402868708,0
T00412,12,140.92,WireTransferCo,0.8,US,0,4097260940164697,0
T00413,0,108.17,WireTransferCo,0.8,RU,1,4342174823970583,1
T00414,14,28.48,UnknownIntl,0.95,US,0,4856225552748152,0
T00415,0,198.06,Uber,0.2,US,0,4390036896003273,0
T00416,10,167.81,Shell,0.15,US,0,4231026737309482,0
T00417,13,80.81,WireTransferCo,0.8,US,0,4160301051328792,0
T00418,2,121.89,UnknownIntl,0.95,UK,1,4419390223063175,1
T00419,18,1059.16,GiftCardHub,0.85,US,0,4444000060905105,1
T00420,13,63.4,Walmart,0.1,US,0,4901642166801879,0
T00421,10,52.93,CryptoX,0.9,IN,1,4228234319678684,1
T00422,4,131.64,Starbucks,0.1,US,0,4233778378492424,0
T00423,14,120.4,GiftCardHub,0.85,UK,1,4909271023319860,1
T00424,22,74.36,Shell,0.15,UK,1,4800689669913238,0
T00425,12,63.73,Uber,0.2,IN,1,4923337481669244,0
T00426,12,126.71,Starbucks,0.1,US,0,4905104665778572,0
T00427,0,3252.83,Starbucks,0.1,US,0,4147172304085017,1
T00428,11,2576.34,Uber,0.2,NG,1,4915072492542304,1
T00429,2,50.15,Walmart,0.1,US,0,4145005866791574,0
T00430,3,144.32,Walmart,0.1,IN,1,4558587963155026,0
T00431,21,97.68,Amazon,0.1,NG,1,4210714996678673,0
T00432,14,91.85,Apple,0.1,UK,1,4561701385405215,0
T00433,1,1909.9,CryptoX,0.9,RU,1,4224568460638524,1
T00434,20,1993.85,Shell,0.15,US,0,4613074281994608,0
T00435,18,77.21,GiftCardHub,0.85,IN,1,4029343988869569,1
T00436,0,4132.99,SteamGames,0.3,US,0,4402432119594989,1
T00437,5,16.54,Netflix,0.1,US,0,4600879954337039,0
T00438,7,71.91,UnknownIntl,0.95,US,0,4951635867447544,0
T00439,7,1.77,Starbucks,0.1,US,0,4403953260406658,0
T00440,22,35.47,Netflix,0.1,US,0,4942037460325584,0
T00441,5,58.72,GiftCardHub,0.85,UK,1,4677411830969415,1
T00442,16,26.64,Uber,0.2,US,0,4807197617159191,0
T00443,1,2640.56,Starbucks,0.1,IN,1,4159488960050089,1
T00444,2,20.32,Walmart,0.1,IN,1,4824552792927394,0
T00445,20,182.11,CryptoX,0.9,RU,1,4780879007694524,1
T00446,7,24.26,Netflix,0.1,IN,1,4143380158184396,0
T00447,22,14.98,Starbucks,0.1,US,0,4867879721981640,0
T00448,5,28.17,Netflix,0.1,US,0,4117216381494956,0
T00449,10,1.1,GiftCardHub,0.85,US,0,4359746385034145,0
T00450,22,33.29,Starbucks,0.1,US,0,4280956186254984,0
T00451,11,5.01,UnknownIntl,0.95,US,0,4054206787745353,0
T00452,23,48.32,CryptoX,0.9,RU,1,4614765947406646,1
T00453,15,97.5,CryptoX,0.9,US,0,4773672895528883,0
T00454,14,183.79,Uber,0.2,US,0,4117913824534816,0
T00455,5,131.83,Walmart,0.1,IN,1,4615915812248521,0
T00456,19,206.37,Walmart,0.1,IN,1,4185773027795615,0
T00457,5,1727.11,Netflix,0.1,NG,1,4213906441252033,1
T00458,21,2572.5,CryptoX,0.9,UK,1,4552761603175521,1
T00459,11,930.03,Starbucks,0.1,US,0,4675781429032417,0
T00460,3,116.25,GiftCardHub,0.85,US,0,4883690845519744,0
T00461,15,85.91,CryptoX,0.9,RU,1,4612632596929248,1
T00462,11,123.34,CryptoX,0.9,US,0,4296560899262939,0
T00463,18,3174.85,Uber,0.2,UK,1,4108880287708818,1
T00464,17,6.47,Walmart,0.1,IN,1,4921443946291867,0
T00465,17,131.89,WireTransferCo,0.8,NG,1,4992655301240653,1
T00466,9,193.93,Uber,0.2,RU,1,4581886036687116,0
T00467,3,141.66,Netflix,0.1,US,0,4910246214004468,0
T00468,1,78.59,Uber,0.2,US,0,4166497101145524,0
T00469,10,162.85,Netflix,0.1,UK,1,4097981376737799,0
T00470,17,57.79,CryptoX,0.9,NG,1,4788593733493240,1
T00471,3,122.83,Netflix,0.1,NG,1,4112819941729986,0
T00472,9,163.16,Walmart,0.1,US,0,4546722084301373,0
T00473,1,11.42,Netflix,0.1,RU,1,4780995482206329,0
T00474,12,121.4,CryptoX,0.9,US,0,4302399717365603,0
T00475,10,45.57,SteamGames,0.3,US,0,4948961343229009,0
T00476,7,187.79,GiftCardHub,0.85,US,0,4820554659050812,0
T00477,6,201.32,CryptoX,0.9,US,0,4834230426554638,0
T00478,1,44.86,GiftCardHub,0.85,IN,1,4878780956144204,1
T00479,5,76.62,WireTransferCo,0.8,US,0,4064883370760861,0
T00480,14,133.88,Uber,0.2,US,0,4568720088302945,0
T00481,21,1901.35,CryptoX,0.9,US,0,4502268911893921,1
T00482,18,27.72,Starbucks,0.1,RU,1,4775580172937423,0
T00483,0,62.53,Walmart,0.1,UK,1,4241303996913455,0
T00484,21,103.4,Uber,0.2,US,0,4864211703324959,0
T00485,15,163.93,Shell,0.15,US,0,4901692310974540,0
T00486,8,31.61,Amazon,0.1,US,0,4477163459392907,0
T00487,14,10.39,CryptoX,0.9,IN,1,4586188635028004,1
T00488,18,137.49,Netflix,0.1,NG,1,4632143483864478,0
T00489,9,123.06,Shell,0.15,UK,1,4721246455569206,0
T00490,8,2.3,SteamGames,0.3,UK,1,4861847539243579,0
T00491,19,42.95,Uber,0.2,US,0,4812093017320333,0
T00492,9,76.3,Amazon,0.1,RU,1,4918751796092782,0
T00493,23,142.37,Uber,0.2,IN,1,4756459450113395,0
T00494,5,146.17,SteamGames,0.3,UK,1,4834199162516085,0
T00495,21,23.35,Apple,0.1,US,0,4400012733684519,0
T00496,13,92.76,Uber,0.2,UK,1,4132610771199832,0
T00497,20,27.7,GiftCardHub,0.85,US,0,4531670012473807,0
T00498,21,3532.66,Uber,0.2,US,0,4385809182532402,1
T00499,4,114.19,CryptoX,0.9,RU,1,4090987932725375,1
T00500,20,2214.04,GiftCardHub,0.85,IN,1,4857027263468851,1
T00501,15,75.64,Starbucks,0.1,US,0,4691842477768634,0
T00502,12,2386.57,CryptoX,0.9,NG,1,4420076709509401,1
T00503,16,109.48,Amazon,0.1,IN,1,4825963557326309,0
T00504,22,117.15,Uber,0.2,US,0,4188047867875090,0
T00505,9,43.76,Walmart,0.1,US,0,4671451651874575,0
T00506,13,230.28,WireTransferCo,0.8,IN,1,4844555322121633,1
T00507,12,1332.71,Uber,0.2,US,0,4826494348726300,0
T00508,3,3589.72,Amazon,0.1,US,0,4868348996576820,1
T00509,19,144.68,WireTransferCo,0.8,US,0,4941386623890702,0
T00510,22,128.57,Amazon,0.1,US,0,4172407296729786,0
T00511,9,123.25,Uber,0.2,US,0,4303965660183668,0
T00512,13,93.71,Netflix,0.1,US,0,4883561161813290,0
T00513,6,55.3,Walmart,0.1,RU,1,4589011091266390,0
T00514,22,50.08,Uber,0.2,IN,1,4372225405143769,0
T00515,0,99.05,Uber,0.2,US,0,4646439115015785,0
T00516,4,3211.63,Shell,0.15,RU,1,4288110292213565,1
T00517,14,47.41,Shell,0.15,US,0,4056386324717972,0
T00518,1,113.98,Walmart,0.1,US,0,4106958068363530,0
T00519,4,34.6,Amazon,0.1,US,0,4302089195405052,0
T00520,11,95.14,UnknownIntl,0.95,US,0,4940921127885429,0
T00521,13,45.0,CryptoX,0.9,RU,1,4149194764535380,1
T00522,5,184.99,UnknownIntl,0.95,US,0,4204081547931668,0
T00523,11,160.09,Netflix,0.1,NG,1,4944110605462341,0
T00524,15,105.78,UnknownIntl,0.95,US,0,4737434123440018,0
T00525,22,65.91,SteamGames,0.3,US,0,4649251925139806,0
T00526,21,130.74,UnknownIntl,0.95,US,0,4745024066100946,0
T00527,15,28.07,UnknownIntl,0.95,US,0,4167367938623012,0
T00528,0,58.24,WireTransferCo,0.8,US,0,4846031569444440,0
T00529,7,52.52,GiftCardHub,0.85,IN,1,4250746662952683,1
T00530,12,89.95,WireTransferCo,0.8,NG,1,4964430989391919,1
T00531,10,57.81,GiftCardHub,0.85,RU,1,4020008763880450,1
T00532,13,153.82,Walmart,0.1,NG,1,4697008609453082,0
T00533,16,96.91,Shell,0.15,UK,1,4409088508967042,0
T00534,14,29.52,Amazon,0.1,US,0,4806046662713115,0
T00535,3,169.18,GiftCardHub,0.85,US,0,4713440581862708,0
T00536,22,180.4,Apple,0.1,IN,1,4812404843032967,0
T00537,8,159.22,CryptoX,0.9,US,0,4959486804272907,0
T00538,14,97.62,CryptoX,0.9,US,0,4942902660041734,0
T00539,14,45.19,Shell,0.15,US,0,4151588741257128,0
T00540,16,73.41,GiftCardHub,0.85,US,0,4572334132138452,0
T00541,23,4.12,Starbucks,0.1,US,0,4676155230476641,0
T00542,16,125.93,Netflix,0.1,IN,1,4308040415613908,0
T00543,9,37.62,CryptoX,0.9,IN,1,4678383267196921,1
T00544,22,30.25,UnknownIntl,0.95,UK,1,4226178206253834,1
T00545,21,64.59,Uber,0.2,UK,1,4799838794468753,0
T00546,16,2.38,Shell,0.15,US,0,4540850466691206,0
T00547,21,57.47,Netflix,0.1,NG,1,4987951080313710,0
T00548,16,824.21,CryptoX,0.9,US,0,4844632235225094,1
T00549,21,116.44,Starbucks,0.1,UK,1,4883108371682027,0
T00550,17,187.79,Apple,0.1,US,0,4632626088993048,0
T00551,7,102.19,Uber,0.2,NG,1,4323852113902140,0
T00552,12,34.36,UnknownIntl,0.95,US,0,4060574295132599,0
T00553,6,177.61,Amazon,0.1,UK,1,4498847008689978,0
T00554,18,1.88,Uber,0.2,IN,1,4505321345727278,0
T00555,5,56.44,Starbucks,0.1,US,0,4424686878849197,0
T00556,8,50.31,Amazon,0.1,NG,1,4525039696855884,0
T00557,1,68.97,UnknownIntl,0.95,US,0,4704103763186686,1
T00558,15,3075.7,Netflix,0.1,UK,1,4247654365809290,1
T00559,16,6.53,Starbucks,0.1,US,0,4103519034431299,0
T00560,6,52.13,SteamGames,0.3,US,0,4597290872447801,0
T00561,3,33.98,GiftCardHub,0.85,US,0,4274524092398783,0
T00562,12,204.81,Amazon,0.1,IN,1,4027815422950192,0
T00563,16,7.17,WireTransferCo,0.8,IN,1,4333753506979023,1
T00564,10,65.44,Shell,0.15,US,0,4600335659349998,0
T00565,6,67.27,Amazon,0.1,US,0,4771697668877121,0
T00566,6,10.84,CryptoX,0.9,US,0,4919585339803688,0
T00567,0,58.04,Walmart,0.1,US,0,4082468042949912,0
T00568,8,6.68,Amazon,0.1,US,0,4507920204045021,0
T00569,13,51.99,Shell,0.15,NG,1,4602167807920466,0
T00570,23,3748.22,Amazon,0.1,US,0,4326323481064172,1
T00571,19,3210.7,Shell,0.15,UK,1,4429434184895299,1
T00572,15,103.47,CryptoX,0.9,US,0,4614433079866042,0
T00573,9,115.17,Apple,0.1,US,0,4976313905462762,0
T00574,0,7.92,UnknownIntl,0.95,IN,1,4443698454093808,1
T00575,9,54.8,WireTransferCo,0.8,US,0,4387142880004009,0
T00576,20,99.8,Uber,0.2,NG,1,4218791014543228,0
T00577,21,53.27,Walmart,0.1,US,0,4845601112886205,0
T00578,20,876.39,WireTransferCo,0.8,RU,1,4653692843866026,1
T00579,11,64.73,GiftCardHub,0.85,IN,1,4321032055197076,1
T00580,6,52.87,Netflix,0.1,US,0,4171582157498678,0
T00581,10,139.81,Netflix,0.1,IN,1,4277168469760024,0
T00582,8,97.29,Uber,0.2,NG,1,4501426534824743,0
T00583,15,52.8,SteamGames,0.3,UK,1,4092292862702455,0
T00584,17,112.23,Apple,0.1,US,0,4020976156868960,0
T00585,18,172.11,WireTransferCo,0.8,US,0,4621039543537353,0
T00586,20,89.03,Apple,0.1,RU,1,4965082300596430,0
T00587,14,23.45,Apple,0.1,US,0,4565391057636123,0
T00588,19,39.42,Amazon,0.1,US,0,4742434771900172,0
T00589,11,3177.59,Starbucks,0.1,RU,1,4070773466461771,1
T00590,7,119.37,Apple,0.1,IN,1,4992538830013278,0
T00591,20,90.85,Amazon,0.1,US,0,4713331882635718,0
T00592,18,44.35,Apple,0.1,UK,1,4087638101019935,0
T00593,12,69.8,WireTransferCo,0.8,UK,1,4397329167631942,1
T00594,15,85.24,SteamGames,0.3,RU,1,4086793686920411,0
T00595,6,75.51,WireTransferCo,0.8,UK,1,4807611056128054,1
T00596,13,115.91,Walmart,0.1,US,0,4665171080032702,0
T00597,0,8.78,Starbucks,0.1,NG,1,4708799031494240,0
T00598,18,101.85,WireTransferCo,0.8,US,0,4674814118067257,0
T00599,23,108.86,Netflix,0.1,US,0,4096546343303895,0
